texto,etiqueta
"amo lo que hacen","POS"
"Qu√© excelente servicio, son los mejores","POS"
"sin problema","NEU"
"Me encanta este producto con todas mis fuerzas ‚ù§Ô∏è‚ù§Ô∏è‚ù§Ô∏è!!!!","POS"
"El peor servicio al cliente que he visto","NEG"
"No cumplen lo que prometen","NEG"
"La empresa anunci√≥ sus resultados trimestrales","NEU"
"El producto lleg√≥ en la fecha estimada","NEU"
"Normal","NEU"
"Todo bien","NEU"
"El servicio fue normal","NEU"
"Funcion√≥ como se esperaba","NEU"
"Est√° bien, nada especial","NEU"
"Todo correcto","NEU"
"Me gust√≥ el producto","POS"
"Buen servicio","POS"
"Sin sorpresas","NEU"
"Sin complicaciones","NEU"
"No hay problema","NEU"
"Ok ok","NEU"
"Listo","NEU"
"Todo en orden","NEU"
"amo","POS"
"ame","POS"
"Fresh","NEU"
"s√≠, normal","NEU"
"Ok","NEU"
"Bien","NEU"
"üëç","NEU"
"Incre√≠ble","POS"
"De lo mejor que he visto","POS"
"Me encanta","POS"
"Me gusta","POS"
"Like","POS"
"Me gusta mucho","POS"
"S√≠ me gusta","POS"
"Like, muy bueno","POS"
"Buen producto","POS"
"La atenci√≥n fue buena","POS"
"Todo ok","NEU"
"Estuvo normal","NEU"
"Es muy bueno","POS"
"Bueno","POS"
"Qu√© bueno","POS"
"Est√° bueno","POS"
"Qu√© buena","POS"
"Buenazo","POS"
"Buen√≠simo","POS"
"Bien ah√≠","POS"
"Bien","POS"
"M√°s o menos","NEU"
"Malo","NEG"
"Mal√≠simo","NEG"
"Malazo","NEG"
"P√©simo","NEG"
"Mal producto","NEG"
"Mala atenci√≥n","NEG"